txn_id,bene_acc_no,orig_acc_no,bene_name,bene_ctry,bene_addr,bene_location_lat,bene_location_lng,orig_name,orig_addr,orig_ctry,orig_location_lat,orig_location_lng,posting_dt,txn_amt,txn_source_typ_cde,txn_desc,cr_dr_cde,bene_bank_ctry,orig_bank_ctry,txn_amt_base,run_dt,source_sys,source_txn_no,txn_currency,base_currency
10001,301,,AHMAD BIN SULAIMAN,SG,"411 Hougang Avenue 10, Singapore",1.3521,103.8198,CASH DEPOSIT,,SG,1.3521,103.8198,2025-09-15T10:22:00.000+08:00,9800.00,CASH DEPOSIT,CASH DEPOSIT - COUNTER,C,SG,SG,9800.00,2025-09-15T10:22:00.000+08:00,TXN,MCB-TXN-20250915-001,SGD,SGD
10002,301,,AHMAD BIN SULAIMAN,SG,"411 Hougang Avenue 10, Singapore",1.3521,103.8198,CASH DEPOSIT,,SG,1.3521,103.8198,2025-09-22T14:05:00.000+08:00,9900.00,CASH DEPOSIT,CASH DEPOSIT - COUNTER,C,SG,SG,9900.00,2025-09-22T14:05:00.000+08:00,TXN,MCB-TXN-20250922-001,SGD,SGD
10003,301,,AHMAD BIN SULAIMAN,SG,"411 Hougang Avenue 10, Singapore",1.3521,103.8198,CASH DEPOSIT,,SG,1.3521,103.8198,2025-09-29T11:30:00.000+08:00,9500.00,CASH DEPOSIT,CASH DEPOSIT - COUNTER,C,SG,SG,9500.00,2025-09-29T11:30:00.000+08:00,TXN,MCB-TXN-20250929-001,SGD,SGD
10004,301,,AHMAD BIN SULAIMAN,SG,"411 Hougang Avenue 10, Singapore",1.3521,103.8198,CASH DEPOSIT,,SG,1.3521,103.8198,2025-10-06T09:45:00.000+08:00,9700.00,CASH DEPOSIT,CASH DEPOSIT - COUNTER,C,SG,SG,9700.00,2025-10-06T09:45:00.000+08:00,TXN,MCB-TXN-20251006-001,SGD,SGD
10005,301,,AHMAD BIN SULAIMAN,SG,"411 Hougang Avenue 10, Singapore",1.3521,103.8198,CASH DEPOSIT,,SG,1.3521,103.8198,2025-10-13T15:20:00.000+08:00,9600.00,CASH DEPOSIT,CASH DEPOSIT - COUNTER,C,SG,SG,9600.00,2025-10-13T15:20:00.000+08:00,TXN,MCB-TXN-20251013-001,SGD,SGD
10006,301,,AHMAD BIN SULAIMAN,SG,"411 Hougang Avenue 10, Singapore",1.3521,103.8198,CASH DEPOSIT,,SG,1.3521,103.8198,2025-10-20T10:10:00.000+08:00,9800.00,CASH DEPOSIT,CASH DEPOSIT - COUNTER,C,SG,SG,9800.00,2025-10-20T10:10:00.000+08:00,TXN,MCB-TXN-20251020-001,SGD,SGD
10007,301,,AHMAD BIN SULAIMAN,SG,"411 Hougang Avenue 10, Singapore",1.3521,103.8198,CASH DEPOSIT,,SG,1.3521,103.8198,2025-10-27T13:55:00.000+08:00,9900.00,CASH DEPOSIT,CASH DEPOSIT - COUNTER,C,SG,SG,9900.00,2025-10-27T13:55:00.000+08:00,TXN,MCB-TXN-20251027-001,SGD,SGD
10008,301,,AHMAD BIN SULAIMAN,SG,"411 Hougang Avenue 10, Singapore",1.3521,103.8198,CASH DEPOSIT,,SG,1.3521,103.8198,2025-11-03T11:40:00.000+08:00,9500.00,CASH DEPOSIT,CASH DEPOSIT - COUNTER,C,SG,SG,9500.00,2025-11-03T11:40:00.000+08:00,TXN,MCB-TXN-20251103-001,SGD,SGD
10009,301,,AHMAD BIN SULAIMAN,SG,"411 Hougang Avenue 10, Singapore",1.3521,103.8198,CASH DEPOSIT,,SG,1.3521,103.8198,2025-11-10T09:30:00.000+08:00,9700.00,CASH DEPOSIT,CASH DEPOSIT - COUNTER,C,SG,SG,9700.00,2025-11-10T09:30:00.000+08:00,TXN,MCB-TXN-20251110-001,SGD,SGD
10010,301,,AHMAD BIN SULAIMAN,SG,"411 Hougang Avenue 10, Singapore",1.3521,103.8198,CASH DEPOSIT,,SG,1.3521,103.8198,2025-11-17T14:15:00.000+08:00,9800.00,CASH DEPOSIT,CASH DEPOSIT - COUNTER,C,SG,SG,9800.00,2025-11-17T14:15:00.000+08:00,TXN,MCB-TXN-20251117-001,SGD,SGD
10011,301,,AHMAD BIN SULAIMAN,SG,"411 Hougang Avenue 10, Singapore",1.3521,103.8198,CASH DEPOSIT,,SG,1.3521,103.8198,2025-11-24T10:50:00.000+08:00,9600.00,CASH DEPOSIT,CASH DEPOSIT - COUNTER,C,SG,SG,9600.00,2025-11-24T10:50:00.000+08:00,TXN,MCB-TXN-20251124-001,SGD,SGD
10012,301,,AHMAD BIN SULAIMAN,SG,"411 Hougang Avenue 10, Singapore",1.3521,103.8198,CASH DEPOSIT,,SG,1.3521,103.8198,2025-12-01T11:20:00.000+08:00,9900.00,CASH DEPOSIT,CASH DEPOSIT - COUNTER,C,SG,SG,9900.00,2025-12-01T11:20:00.000+08:00,TXN,MCB-TXN-20251201-001,SGD,SGD
10013,301,,AHMAD BIN SULAIMAN,SG,"411 Hougang Avenue 10, Singapore",1.3521,103.8198,CASH DEPOSIT,,SG,1.3521,103.8198,2025-12-08T15:45:00.000+08:00,9600.00,CASH DEPOSIT,CASH DEPOSIT - COUNTER,C,SG,SG,9600.00,2025-12-08T15:45:00.000+08:00,TXN,MCB-TXN-20251208-001,SGD,SGD
10014,,301,MUTIARA HARTANAH SDN BHD,MY,"Kuala Lumpur, Malaysia",3.1390,101.6869,AHMAD BIN SULAIMAN,"411 Hougang Avenue 10, Singapore",SG,1.3521,103.8198,2026-03-03T09:00:00.000+08:00,285000.00,FASTER PAYMENT,FAST TRANSFER - MUTIARA HARTANAH SDN BHD,D,MY,SG,285000.00,2026-03-03T09:00:00.000+08:00,TXN,MCB-TXN-20260303-001,SGD,SGD
10015,303,,NATALIA PETROVA,SG,"88 Market Street #14-01, Singapore",1.2830,103.8505,CASPIAN TRADE PARTNERS LLC,"Baku Trade Centre, Baku",IR,35.6892,51.3890,2024-10-15T08:30:00.000+08:00,350000.00,SWIFT TRANSFER,SWIFT - CASPIAN TRADE PARTNERS LLC,C,SG,IR,350000.00,2024-10-15T08:30:00.000+08:00,TXN,SFG-TXN-20241015-001,USD,USD
10016,303,,NATALIA PETROVA,SG,"88 Market Street #14-01, Singapore",1.2830,103.8505,CASPIAN TRADE PARTNERS LLC,"Baku Trade Centre, Baku",IR,35.6892,51.3890,2024-12-02T10:15:00.000+08:00,425000.00,SWIFT TRANSFER,SWIFT - CASPIAN TRADE PARTNERS LLC,C,SG,IR,425000.00,2024-12-02T10:15:00.000+08:00,TXN,SFG-TXN-20241202-001,USD,USD
10017,,303,NORTH STAR RESOURCES CO,KP,"Pyongyang, DPRK",39.0392,125.7625,NATALIA PETROVA,"88 Market Street #14-01, Singapore",SG,1.2830,103.8505,2024-10-22T14:00:00.000+08:00,330000.00,SWIFT TRANSFER,SWIFT - NORTH STAR RESOURCES CO DPRK,D,SG,KP,330000.00,2024-10-22T14:00:00.000+08:00,TXN,SFG-TXN-20241022-001,USD,USD
10018,303,,NATALIA PETROVA,SG,"88 Market Street #14-01, Singapore",1.2830,103.8505,PERSIAN GULF TRADING FZE,"DAFZ, Dubai",AE,25.2048,55.2708,2025-02-10T09:45:00.000+08:00,380000.00,SWIFT TRANSFER,SWIFT - PERSIAN GULF TRADING FZE,C,SG,AE,380000.00,2025-02-10T09:45:00.000+08:00,TXN,SFG-TXN-20250210-001,USD,USD
10019,,303,NORTH STAR RESOURCES CO,KP,"Pyongyang, DPRK",39.0392,125.7625,NATALIA PETROVA,"88 Market Street #14-01, Singapore",SG,1.2830,103.8505,2025-02-17T11:30:00.000+08:00,365000.00,SWIFT TRANSFER,SWIFT - NORTH STAR RESOURCES CO DPRK,D,SG,KP,365000.00,2025-02-17T11:30:00.000+08:00,TXN,SFG-TXN-20250217-001,USD,USD
10020,303,,NATALIA PETROVA,SG,"88 Market Street #14-01, Singapore",1.2830,103.8505,EUROASIA COMMODITIES LTD,"Limassol, Cyprus",CY,34.7071,33.0226,2025-06-05T08:00:00.000+08:00,290000.00,SWIFT TRANSFER,SWIFT - EUROASIA COMMODITIES LTD CYPRUS,C,SG,CY,290000.00,2025-06-05T08:00:00.000+08:00,TXN,SFG-TXN-20250605-001,USD,USD
10021,,303,NORTH STAR RESOURCES CO,KP,"Pyongyang, DPRK",39.0392,125.7625,NATALIA PETROVA,"88 Market Street #14-01, Singapore",SG,1.2830,103.8505,2025-06-12T15:20:00.000+08:00,315000.00,SWIFT TRANSFER,SWIFT - NORTH STAR RESOURCES CO DPRK,D,SG,KP,315000.00,2025-06-12T15:20:00.000+08:00,TXN,SFG-TXN-20250612-001,USD,USD
10022,304,,DRAGON GATE PTE LIMITED,SG,"71 Robinson Road #14-01, Singapore",1.2810,103.8488,SHENZHEN GOLDEN BRIDGE TRADING CO,"Shenzhen, Guangdong",CN,22.5431,114.0579,2023-04-03T10:00:00.000+08:00,1200000.00,SWIFT TRANSFER,SWIFT - SHENZHEN GOLDEN BRIDGE TRADING,C,SG,CN,1200000.00,2023-04-03T10:00:00.000+08:00,TXN,PTB-TXN-20230403-001,USD,USD
10023,,304,CROWN NOMINEES BVI LTD,VG,"Road Town, British Virgin Islands",18.4286,-64.6185,DRAGON GATE PTE LIMITED,"71 Robinson Road, Singapore",SG,1.2810,103.8488,2023-04-10T14:30:00.000+08:00,1176000.00,SWIFT TRANSFER,SWIFT - CROWN NOMINEES BVI LTD,D,SG,VG,1176000.00,2023-04-10T14:30:00.000+08:00,TXN,PTB-TXN-20230410-001,USD,USD
10024,304,,DRAGON GATE PTE LIMITED,SG,"71 Robinson Road #14-01, Singapore",1.2810,103.8488,HK PROSPERITY VENTURES LTD,"Tsim Sha Tsui, Hong Kong",HK,22.2988,114.1722,2023-07-15T09:15:00.000+08:00,850000.00,SWIFT TRANSFER,SWIFT - HK PROSPERITY VENTURES LTD,C,SG,HK,850000.00,2023-07-15T09:15:00.000+08:00,TXN,PTB-TXN-20230715-001,USD,USD
10025,,304,GRAND CAYMAN HOLDINGS LTD,KY,"George Town, Cayman Islands",19.2869,-81.3674,DRAGON GATE PTE LIMITED,"71 Robinson Road, Singapore",SG,1.2810,103.8488,2023-07-22T11:45:00.000+08:00,832750.00,SWIFT TRANSFER,SWIFT - GRAND CAYMAN HOLDINGS LTD,D,SG,KY,832750.00,2023-07-22T11:45:00.000+08:00,TXN,PTB-TXN-20230722-001,USD,USD
10026,304,,DRAGON GATE PTE LIMITED,SG,"71 Robinson Road #14-01, Singapore",1.2810,103.8488,SHENZHEN GOLDEN BRIDGE TRADING CO,"Shenzhen, Guangdong",CN,22.5431,114.0579,2023-11-20T10:30:00.000+08:00,950000.00,SWIFT TRANSFER,SWIFT - SHENZHEN GOLDEN BRIDGE TRADING,C,SG,CN,950000.00,2023-11-20T10:30:00.000+08:00,TXN,PTB-TXN-20231120-001,USD,USD
10027,,304,CROWN NOMINEES BVI LTD,VG,"Road Town, British Virgin Islands",18.4286,-64.6185,DRAGON GATE PTE LIMITED,"71 Robinson Road, Singapore",SG,1.2810,103.8488,2023-11-27T15:00:00.000+08:00,930750.00,SWIFT TRANSFER,SWIFT - CROWN NOMINEES BVI LTD,D,SG,VG,930750.00,2023-11-27T15:00:00.000+08:00,TXN,PTB-TXN-20231127-001,USD,USD
10028,304,,DRAGON GATE PTE LIMITED,SG,"71 Robinson Road #14-01, Singapore",1.2810,103.8488,BEIJING ORIENT CAPITAL CO LTD,"Chaoyang, Beijing",CN,39.9042,116.4074,2024-03-05T09:00:00.000+08:00,1100000.00,SWIFT TRANSFER,SWIFT - BEIJING ORIENT CAPITAL CO LTD,C,SG,CN,1100000.00,2024-03-05T09:00:00.000+08:00,TXN,PTB-TXN-20240305-001,USD,USD
10029,,304,GRAND CAYMAN HOLDINGS LTD,KY,"George Town, Cayman Islands",19.2869,-81.3674,DRAGON GATE PTE LIMITED,"71 Robinson Road, Singapore",SG,1.2810,103.8488,2024-03-12T14:20:00.000+08:00,1078000.00,SWIFT TRANSFER,SWIFT - GRAND CAYMAN HOLDINGS LTD,D,SG,KY,1078000.00,2024-03-12T14:20:00.000+08:00,TXN,PTB-TXN-20240312-001,USD,USD
10030,304,,DRAGON GATE PTE LIMITED,SG,"71 Robinson Road #14-01, Singapore",1.2810,103.8488,HK PROSPERITY VENTURES LTD,"Tsim Sha Tsui, Hong Kong",HK,22.2988,114.1722,2024-08-18T10:45:00.000+08:00,780000.00,SWIFT TRANSFER,SWIFT - HK PROSPERITY VENTURES LTD,C,SG,HK,780000.00,2024-08-18T10:45:00.000+08:00,TXN,PTB-TXN-20240818-001,USD,USD
10031,,304,CROWN NOMINEES BVI LTD,VG,"Road Town, British Virgin Islands",18.4286,-64.6185,DRAGON GATE PTE LIMITED,"71 Robinson Road, Singapore",SG,1.2810,103.8488,2024-08-25T11:30:00.000+08:00,764400.00,SWIFT TRANSFER,SWIFT - CROWN NOMINEES BVI LTD,D,SG,VG,764400.00,2024-08-25T11:30:00.000+08:00,TXN,PTB-TXN-20240825-001,USD,USD
10032,305,,LEE WEI JIAN,SG,"88 Telok Blangah Road, Singapore",1.2714,103.8090,DALIAN PRECISION COMPONENTS CO,"Dalian, Liaoning",CN,38.9140,121.6147,2025-01-10T09:30:00.000+08:00,1250000.00,SWIFT TRANSFER,SWIFT - DALIAN PRECISION COMPONENTS,C,SG,CN,1250000.00,2025-01-10T09:30:00.000+08:00,TXN,SFG-TXN-20250110-001,USD,USD
10033,,305,TANAKA PRECISION ENGINEERING PTE LTD,SG,"10 Science Park Road, Singapore",1.2927,103.7890,LEE WEI JIAN,"88 Telok Blangah Road, Singapore",SG,1.2714,103.8090,2025-01-15T14:00:00.000+08:00,1200000.00,SWIFT TRANSFER,SWIFT - TANAKA PRECISION ENGINEERING,D,SG,SG,1200000.00,2025-01-15T14:00:00.000+08:00,TXN,SFG-TXN-20250115-001,USD,USD
10034,305,,LEE WEI JIAN,SG,"88 Telok Blangah Road, Singapore",1.2714,103.8090,GUANGZHOU TECH SOLUTIONS LTD,"Guangzhou, Guangdong",CN,23.1291,113.2644,2025-03-20T10:15:00.000+08:00,1100000.00,SWIFT TRANSFER,SWIFT - GUANGZHOU TECH SOLUTIONS,C,SG,CN,1100000.00,2025-03-20T10:15:00.000+08:00,TXN,SFG-TXN-20250320-001,USD,USD
10035,,305,DALIAN PRECISION COMPONENTS CO,CN,"Dalian, Liaoning",38.9140,121.6147,LEE WEI JIAN,"88 Telok Blangah Road, Singapore",SG,1.2714,103.8090,2025-03-25T11:30:00.000+08:00,1080000.00,SWIFT TRANSFER,SWIFT - DALIAN PRECISION COMPONENTS,D,SG,CN,1080000.00,2025-03-25T11:30:00.000+08:00,TXN,SFG-TXN-20250325-001,USD,USD
10036,305,,LEE WEI JIAN,SG,"88 Telok Blangah Road, Singapore",1.2714,103.8090,SHANGHAI UNITED TRADING CO,"Shanghai, PRC",CN,31.2304,121.4737,2025-07-14T09:00:00.000+08:00,1350000.00,SWIFT TRANSFER,SWIFT - SHANGHAI UNITED TRADING CO,C,SG,CN,1350000.00,2025-07-14T09:00:00.000+08:00,TXN,SFG-TXN-20250714-001,USD,USD
10037,,305,GUANGZHOU TECH SOLUTIONS LTD,CN,"Guangzhou, Guangdong",23.1291,113.2644,LEE WEI JIAN,"88 Telok Blangah Road, Singapore",SG,1.2714,103.8090,2025-07-21T14:45:00.000+08:00,1320000.00,SWIFT TRANSFER,SWIFT - GUANGZHOU TECH SOLUTIONS,D,SG,CN,1320000.00,2025-07-21T14:45:00.000+08:00,TXN,SFG-TXN-20250721-001,USD,USD
10038,305,,LEE WEI JIAN,SG,"88 Telok Blangah Road, Singapore",1.2714,103.8090,SHENZHEN MICROTECH CO LTD,"Shenzhen, Guangdong",CN,22.5431,114.0579,2025-11-05T10:00:00.000+08:00,1550000.00,SWIFT TRANSFER,SWIFT - SHENZHEN MICROTECH CO LTD,C,SG,CN,1550000.00,2025-11-05T10:00:00.000+08:00,TXN,SFG-TXN-20251105-001,USD,USD
10039,307,,SYNERGY ASIA TRADING PTE LTD,SG,"18 Robinson Road, Singapore",1.2820,103.8510,GLOBAL TRADE RESOURCES LTD,"Labuan, Malaysia",MY,5.2831,115.2308,2025-04-10T09:30:00.000+08:00,750000.00,SWIFT TRANSFER,SWIFT - GLOBAL TRADE RESOURCES LTD LABUAN,C,SG,MY,750000.00,2025-04-10T09:30:00.000+08:00,TXN,PTB-TXN-20250410-001,USD,USD
10040,,307,SHANGHAI COMMODITY EXCHANGE LTD,CN,"Shanghai, PRC",31.2304,121.4737,SYNERGY ASIA TRADING PTE LTD,"18 Robinson Road, Singapore",SG,1.2820,103.8510,2025-04-15T14:00:00.000+08:00,735000.00,SWIFT TRANSFER,SWIFT - SHANGHAI COMMODITY EXCHANGE,D,SG,CN,735000.00,2025-04-15T14:00:00.000+08:00,TXN,PTB-TXN-20250415-001,USD,USD
10041,307,,SYNERGY ASIA TRADING PTE LTD,SG,"18 Robinson Road, Singapore",1.2820,103.8510,GLOBAL TRADE RESOURCES LTD,"Labuan, Malaysia",MY,5.2831,115.2308,2025-07-22T10:15:00.000+08:00,820000.00,SWIFT TRANSFER,SWIFT - GLOBAL TRADE RESOURCES LTD LABUAN,C,SG,MY,820000.00,2025-07-22T10:15:00.000+08:00,TXN,PTB-TXN-20250722-001,USD,USD
10042,,307,SHANGHAI COMMODITY EXCHANGE LTD,CN,"Shanghai, PRC",31.2304,121.4737,SYNERGY ASIA TRADING PTE LTD,"18 Robinson Road, Singapore",SG,1.2820,103.8510,2025-07-28T11:30:00.000+08:00,803600.00,SWIFT TRANSFER,SWIFT - SHANGHAI COMMODITY EXCHANGE,D,SG,CN,803600.00,2025-07-28T11:30:00.000+08:00,TXN,PTB-TXN-20250728-001,USD,USD
10043,307,,SYNERGY ASIA TRADING PTE LTD,SG,"18 Robinson Road, Singapore",1.2820,103.8510,GLOBAL TRADE RESOURCES LTD,"Labuan, Malaysia",MY,5.2831,115.2308,2025-11-10T09:00:00.000+08:00,680000.00,SWIFT TRANSFER,SWIFT - GLOBAL TRADE RESOURCES LTD LABUAN,C,SG,MY,680000.00,2025-11-10T09:00:00.000+08:00,TXN,PTB-TXN-20251110-001,USD,USD
10044,,307,GLOBAL TRADE RESOURCES LTD,MY,"Labuan, Malaysia",5.2831,115.2308,SYNERGY ASIA TRADING PTE LTD,"18 Robinson Road, Singapore",SG,1.2820,103.8510,2025-11-18T15:30:00.000+08:00,666400.00,SWIFT TRANSFER,SWIFT - GLOBAL TRADE RESOURCES LTD LABUAN,D,SG,MY,666400.00,2025-11-18T15:30:00.000+08:00,TXN,PTB-TXN-20251118-001,USD,USD
10045,307,,SYNERGY ASIA TRADING PTE LTD,SG,"18 Robinson Road, Singapore",1.2820,103.8510,MERIDIAN PRECIOUS ASSETS PTE LTD,"1 Raffles Place, Singapore",SG,1.2840,103.8510,2026-02-14T10:00:00.000+08:00,450000.00,CASH DEPOSIT,CASH - PSMD GOLD PURCHASE 5x1KG BARS,C,SG,SG,450000.00,2026-02-14T10:00:00.000+08:00,TXN,PTB-TXN-20260214-001,SGD,SGD
10046,,307,MERIDIAN PRECIOUS ASSETS PTE LTD,SG,"1 Raffles Place, Singapore",1.2840,103.8510,SYNERGY ASIA TRADING PTE LTD,"18 Robinson Road, Singapore",SG,1.2820,103.8510,2026-02-15T11:30:00.000+08:00,394200.00,CASH DEPOSIT,CASH - PSMD GOLD SALE 4x500G BARS,D,SG,SG,394200.00,2026-02-15T11:30:00.000+08:00,TXN,PTB-TXN-20260215-001,SGD,SGD
10047,308,,RAJAN KRISHNAMURTHY,SG,"2 Tanjong Rhu Road, Singapore",1.2970,103.8720,KRISHNAMURTHY FAMILY TRUST,"Port Louis, Mauritius",MU,-20.1609,57.5012,2025-08-01T09:00:00.000+08:00,450000.00,SWIFT TRANSFER,SWIFT - KRISHNAMURTHY FAMILY TRUST MAURITIUS,C,SG,MU,450000.00,2025-08-01T09:00:00.000+08:00,TXN,MCB-TXN-20250801-001,SGD,SGD
10048,,308,UNNAMED INDIAN BENEFICIARY,IN,"Mumbai, Maharashtra",19.0760,72.8777,RAJAN KRISHNAMURTHY,"2 Tanjong Rhu Road, Singapore",SG,1.2970,103.8720,2025-08-05T14:30:00.000+08:00,436500.00,SWIFT TRANSFER,SWIFT - INDIA BENEFICIARY,D,SG,IN,436500.00,2025-08-05T14:30:00.000+08:00,TXN,MCB-TXN-20250805-001,SGD,SGD
10049,308,,RAJAN KRISHNAMURTHY,SG,"2 Tanjong Rhu Road, Singapore",1.2970,103.8720,KRISHNAMURTHY FAMILY TRUST,"Port Louis, Mauritius",MU,-20.1609,57.5012,2025-09-15T10:00:00.000+08:00,380000.00,SWIFT TRANSFER,SWIFT - KRISHNAMURTHY FAMILY TRUST MAURITIUS,C,SG,MU,380000.00,2025-09-15T10:00:00.000+08:00,TXN,MCB-TXN-20250915-002,SGD,SGD
10050,,308,UNNAMED INDIAN BENEFICIARY,IN,"Mumbai, Maharashtra",19.0760,72.8777,RAJAN KRISHNAMURTHY,"2 Tanjong Rhu Road, Singapore",SG,1.2970,103.8720,2025-09-19T11:15:00.000+08:00,368600.00,SWIFT TRANSFER,SWIFT - INDIA BENEFICIARY,D,SG,IN,368600.00,2025-09-19T11:15:00.000+08:00,TXN,MCB-TXN-20250919-001,SGD,SGD
10051,308,,RAJAN KRISHNAMURTHY,SG,"2 Tanjong Rhu Road, Singapore",1.2970,103.8720,KRISHNAMURTHY FAMILY TRUST,"Port Louis, Mauritius",MU,-20.1609,57.5012,2025-11-01T09:30:00.000+08:00,420000.00,SWIFT TRANSFER,SWIFT - KRISHNAMURTHY FAMILY TRUST MAURITIUS,C,SG,MU,420000.00,2025-11-01T09:30:00.000+08:00,TXN,MCB-TXN-20251101-001,SGD,SGD
10052,,308,UNNAMED INDIAN BENEFICIARY,IN,"Mumbai, Maharashtra",19.0760,72.8777,RAJAN KRISHNAMURTHY,"2 Tanjong Rhu Road, Singapore",SG,1.2970,103.8720,2025-11-05T15:00:00.000+08:00,407400.00,SWIFT TRANSFER,SWIFT - INDIA BENEFICIARY,D,SG,IN,407400.00,2025-11-05T15:00:00.000+08:00,TXN,MCB-TXN-20251105-002,SGD,SGD
10053,308,,RAJAN KRISHNAMURTHY,SG,"2 Tanjong Rhu Road, Singapore",1.2970,103.8720,KRISHNAMURTHY FAMILY TRUST,"Port Louis, Mauritius",MU,-20.1609,57.5012,2025-12-10T10:45:00.000+08:00,350000.00,SWIFT TRANSFER,SWIFT - KRISHNAMURTHY FAMILY TRUST MAURITIUS,C,SG,MU,350000.00,2025-12-10T10:45:00.000+08:00,TXN,MCB-TXN-20251210-001,SGD,SGD
10054,,308,UNNAMED INDIAN BENEFICIARY,IN,"Mumbai, Maharashtra",19.0760,72.8777,RAJAN KRISHNAMURTHY,"2 Tanjong Rhu Road, Singapore",SG,1.2970,103.8720,2025-12-15T09:30:00.000+08:00,339500.00,SWIFT TRANSFER,SWIFT - INDIA BENEFICIARY,D,SG,IN,339500.00,2025-12-15T09:30:00.000+08:00,TXN,MCB-TXN-20251215-001,SGD,SGD
10055,308,,RAJAN KRISHNAMURTHY,SG,"2 Tanjong Rhu Road, Singapore",1.2970,103.8720,KRISHNAMURTHY FAMILY TRUST,"Port Louis, Mauritius",MU,-20.1609,57.5012,2026-01-20T10:00:00.000+08:00,480000.00,SWIFT TRANSFER,SWIFT - KRISHNAMURTHY FAMILY TRUST MAURITIUS,C,SG,MU,480000.00,2026-01-20T10:00:00.000+08:00,TXN,MCB-TXN-20260120-001,SGD,SGD
10056,,308,UNNAMED INDIAN BENEFICIARY,IN,"Mumbai, Maharashtra",19.0760,72.8777,RAJAN KRISHNAMURTHY,"2 Tanjong Rhu Road, Singapore",SG,1.2970,103.8720,2026-01-24T14:15:00.000+08:00,465600.00,SWIFT TRANSFER,SWIFT - INDIA BENEFICIARY,D,SG,IN,465600.00,2026-01-24T14:15:00.000+08:00,TXN,MCB-TXN-20260124-001,SGD,SGD
10057,308,,RAJAN KRISHNAMURTHY,SG,"2 Tanjong Rhu Road, Singapore",1.2970,103.8720,KRISHNAMURTHY FAMILY TRUST,"Port Louis, Mauritius",MU,-20.1609,57.5012,2026-02-18T09:00:00.000+08:00,400000.00,SWIFT TRANSFER,SWIFT - KRISHNAMURTHY FAMILY TRUST MAURITIUS,C,SG,MU,400000.00,2026-02-18T09:00:00.000+08:00,TXN,MCB-TXN-20260218-001,SGD,SGD
10058,,308,UNNAMED INDIAN BENEFICIARY,IN,"Mumbai, Maharashtra",19.0760,72.8777,RAJAN KRISHNAMURTHY,"2 Tanjong Rhu Road, Singapore",SG,1.2970,103.8720,2026-02-22T11:45:00.000+08:00,388000.00,SWIFT TRANSFER,SWIFT - INDIA BENEFICIARY,D,SG,IN,388000.00,2026-02-22T11:45:00.000+08:00,TXN,MCB-TXN-20260222-001,SGD,SGD
10059,309,,PT GLOBAL TRADE SOLUTIONS,SG,"10 Anson Road, Singapore",1.2760,103.8460,DALIAN ORIENT FORWARDING AGENT,"Dalian, Liaoning",CN,38.9140,121.6147,2024-06-10T09:00:00.000+08:00,550000.00,SWIFT TRANSFER,SWIFT - DALIAN ORIENT FORWARDING AGENT,C,SG,CN,550000.00,2024-06-10T09:00:00.000+08:00,TXN,CCB-TXN-20240610-001,USD,USD
10060,,309,GULF TECHNOLOGY HOLDINGS LLC,AE,"Dubai Internet City, UAE",25.0657,55.1713,PT GLOBAL TRADE SOLUTIONS,"10 Anson Road, Singapore",SG,1.2760,103.8460,2024-06-18T14:30:00.000+08:00,540000.00,SWIFT TRANSFER,SWIFT - GULF TECHNOLOGY HOLDINGS UAE,D,SG,AE,540000.00,2024-06-18T14:30:00.000+08:00,TXN,CCB-TXN-20240618-001,USD,USD
10061,309,,PT GLOBAL TRADE SOLUTIONS,SG,"10 Anson Road, Singapore",1.2760,103.8460,DALIAN ORIENT FORWARDING AGENT,"Dalian, Liaoning",CN,38.9140,121.6147,2024-10-05T10:15:00.000+08:00,620000.00,SWIFT TRANSFER,SWIFT - DALIAN ORIENT FORWARDING AGENT,C,SG,CN,620000.00,2024-10-05T10:15:00.000+08:00,TXN,CCB-TXN-20241005-001,USD,USD
10062,,309,GULF TECHNOLOGY HOLDINGS LLC,AE,"Dubai Internet City, UAE",25.0657,55.1713,PT GLOBAL TRADE SOLUTIONS,"10 Anson Road, Singapore",SG,1.2760,103.8460,2024-10-12T11:45:00.000+08:00,608000.00,SWIFT TRANSFER,SWIFT - GULF TECHNOLOGY HOLDINGS UAE,D,SG,AE,608000.00,2024-10-12T11:45:00.000+08:00,TXN,CCB-TXN-20241012-001,USD,USD
10063,309,,PT GLOBAL TRADE SOLUTIONS,SG,"10 Anson Road, Singapore",1.2760,103.8460,DALIAN ORIENT FORWARDING AGENT,"Dalian, Liaoning",CN,38.9140,121.6147,2025-02-14T09:30:00.000+08:00,580000.00,SWIFT TRANSFER,SWIFT - DALIAN ORIENT FORWARDING AGENT,C,SG,CN,580000.00,2025-02-14T09:30:00.000+08:00,TXN,CCB-TXN-20250214-001,USD,USD
10064,,309,GULF TECHNOLOGY HOLDINGS LLC,AE,"Dubai Internet City, UAE",25.0657,55.1713,PT GLOBAL TRADE SOLUTIONS,"10 Anson Road, Singapore",SG,1.2760,103.8460,2025-02-21T15:00:00.000+08:00,568400.00,SWIFT TRANSFER,SWIFT - GULF TECHNOLOGY HOLDINGS UAE,D,SG,AE,568400.00,2025-02-21T15:00:00.000+08:00,TXN,CCB-TXN-20250221-001,USD,USD
10065,309,,PT GLOBAL TRADE SOLUTIONS,SG,"10 Anson Road, Singapore",1.2760,103.8460,DALIAN ORIENT FORWARDING AGENT,"Dalian, Liaoning",CN,38.9140,121.6147,2025-06-25T10:00:00.000+08:00,500000.00,SWIFT TRANSFER,SWIFT - DALIAN ORIENT FORWARDING AGENT,C,SG,CN,500000.00,2025-06-25T10:00:00.000+08:00,TXN,CCB-TXN-20250625-001,USD,USD
10066,,309,GULF TECHNOLOGY HOLDINGS LLC,AE,"Dubai Internet City, UAE",25.0657,55.1713,PT GLOBAL TRADE SOLUTIONS,"10 Anson Road, Singapore",SG,1.2760,103.8460,2025-07-02T14:15:00.000+08:00,490000.00,SWIFT TRANSFER,SWIFT - GULF TECHNOLOGY HOLDINGS UAE,D,SG,AE,490000.00,2025-07-02T14:15:00.000+08:00,TXN,CCB-TXN-20250702-001,USD,USD
10067,309,,PT GLOBAL TRADE SOLUTIONS,SG,"10 Anson Road, Singapore",1.2760,103.8460,DALIAN ORIENT FORWARDING AGENT,"Dalian, Liaoning",CN,38.9140,121.6147,2025-10-15T09:45:00.000+08:00,600000.00,SWIFT TRANSFER,SWIFT - DALIAN ORIENT FORWARDING AGENT,C,SG,CN,600000.00,2025-10-15T09:45:00.000+08:00,TXN,CCB-TXN-20251015-001,USD,USD
10068,310,,TAN MEI LING,SG,"123 Bedok North Street 2, Singapore",1.3236,103.9273,INDIVIDUAL A - PAYNOW,,SG,1.3521,103.8198,2025-10-01T12:00:00.000+08:00,35000.00,FASTER PAYMENT,PAYNOW - INDIVIDUAL A,C,SG,SG,35000.00,2025-10-01T12:00:00.000+08:00,TXN,RBC-TXN-20251001-001,SGD,SGD
10069,310,,TAN MEI LING,SG,"123 Bedok North Street 2, Singapore",1.3236,103.9273,INDIVIDUAL B - FAST,,SG,1.3521,103.8198,2025-10-15T14:30:00.000+08:00,40000.00,FASTER PAYMENT,FAST - INDIVIDUAL B,C,SG,SG,40000.00,2025-10-15T14:30:00.000+08:00,TXN,RBC-TXN-20251015-002,SGD,SGD
10070,,310,,,,,,TAN MEI LING,"123 Bedok North Street 2, Singapore",SG,1.3236,103.9273,2025-10-03T10:00:00.000+08:00,33950.00,ATM WITHDRAWAL,ATM WITHDRAWAL,D,SG,SG,33950.00,2025-10-03T10:00:00.000+08:00,TXN,RBC-TXN-20251003-001,SGD,SGD
10071,310,,TAN MEI LING,SG,"123 Bedok North Street 2, Singapore",1.3236,103.9273,INDIVIDUAL C - UOB,,SG,1.3521,103.8198,2025-11-05T09:15:00.000+08:00,25000.00,FASTER PAYMENT,FAST - INDIVIDUAL C UOB INVESTMENT,C,SG,SG,25000.00,2025-11-05T09:15:00.000+08:00,TXN,RBC-TXN-20251105-003,SGD,SGD
10072,,310,,,,,,TAN MEI LING,"123 Bedok North Street 2, Singapore",SG,1.3236,103.9273,2025-10-17T11:30:00.000+08:00,38800.00,ATM WITHDRAWAL,ATM WITHDRAWAL,D,SG,SG,38800.00,2025-10-17T11:30:00.000+08:00,TXN,RBC-TXN-20251017-001,SGD,SGD
10073,310,,TAN MEI LING,SG,"123 Bedok North Street 2, Singapore",1.3236,103.9273,INDIVIDUAL D - PAYNOW,,SG,1.3521,103.8198,2025-11-20T13:45:00.000+08:00,30000.00,FASTER PAYMENT,PAYNOW - INDIVIDUAL D,C,SG,SG,30000.00,2025-11-20T13:45:00.000+08:00,TXN,RBC-TXN-20251120-001,SGD,SGD
10074,,310,,,,,,TAN MEI LING,"123 Bedok North Street 2, Singapore",SG,1.3236,103.9273,2025-11-07T15:00:00.000+08:00,24250.00,ATM WITHDRAWAL,ATM WITHDRAWAL,D,SG,SG,24250.00,2025-11-07T15:00:00.000+08:00,TXN,RBC-TXN-20251107-001,SGD,SGD
10075,310,,TAN MEI LING,SG,"123 Bedok North Street 2, Singapore",1.3236,103.9273,INDIVIDUAL E - FAST,,SG,1.3521,103.8198,2025-12-10T10:30:00.000+08:00,45000.00,FASTER PAYMENT,FAST - INDIVIDUAL E,C,SG,SG,45000.00,2025-12-10T10:30:00.000+08:00,TXN,RBC-TXN-20251210-002,SGD,SGD
10076,,310,,,,,,TAN MEI LING,"123 Bedok North Street 2, Singapore",SG,1.3236,103.9273,2025-11-22T10:15:00.000+08:00,29100.00,ATM WITHDRAWAL,ATM WITHDRAWAL,D,SG,SG,29100.00,2025-11-22T10:15:00.000+08:00,TXN,RBC-TXN-20251122-001,SGD,SGD
10077,310,,TAN MEI LING,SG,"123 Bedok North Street 2, Singapore",1.3236,103.9273,INDIVIDUAL F - DBS,,SG,1.3521,103.8198,2026-01-08T11:00:00.000+08:00,50000.00,FASTER PAYMENT,FAST - INDIVIDUAL F DBS,C,SG,SG,50000.00,2026-01-08T11:00:00.000+08:00,TXN,RBC-TXN-20260108-001,SGD,SGD
10078,,310,,,,,,TAN MEI LING,"123 Bedok North Street 2, Singapore",SG,1.3236,103.9273,2025-12-12T14:00:00.000+08:00,43650.00,ATM WITHDRAWAL,ATM WITHDRAWAL,D,SG,SG,43650.00,2025-12-12T14:00:00.000+08:00,TXN,RBC-TXN-20251212-001,SGD,SGD
10079,310,,TAN MEI LING,SG,"123 Bedok North Street 2, Singapore",1.3236,103.9273,INDIVIDUAL G - OCBC,,SG,1.3521,103.8198,2026-01-25T09:30:00.000+08:00,22500.00,FASTER PAYMENT,PAYNOW - INDIVIDUAL G OCBC,C,SG,SG,22500.00,2026-01-25T09:30:00.000+08:00,TXN,RBC-TXN-20260125-001,SGD,SGD
10080,,310,,,,,,TAN MEI LING,"123 Bedok North Street 2, Singapore",SG,1.3236,103.9273,2026-01-10T16:30:00.000+08:00,48500.00,ATM WITHDRAWAL,ATM WITHDRAWAL,D,SG,SG,48500.00,2026-01-10T16:30:00.000+08:00,TXN,RBC-TXN-20260110-001,SGD,SGD
10081,,401,,,,,,ONG BEE LIAN,"203 Jurong East Street 21, Singapore",SG,1.3333,103.7436,2026-01-15T10:00:00.000+08:00,6000.00,OUTWARD REMITTANCE,OUTWARD TT - ONG MEI HUA JAKARTA,D,SG,ID,6000.00,2026-01-15T10:00:00.000+08:00,TXN,MCB-TXN-20260115-009,SGD,SGD
10082,,401,,,,,,ONG BEE LIAN,"203 Jurong East Street 21, Singapore",SG,1.3333,103.7436,2026-02-15T10:00:00.000+08:00,6000.00,OUTWARD REMITTANCE,OUTWARD TT - ONG MEI HUA JAKARTA,D,SG,ID,6000.00,2026-02-15T10:00:00.000+08:00,TXN,MCB-TXN-20260215-009,SGD,SGD
10083,,402,,,,,,SUNRISE WELLNESS PTE LTD,"52 Toa Payoh Lorong 1, Singapore",SG,1.3341,103.8498,2025-11-15T14:00:00.000+08:00,12000.00,OUTWARD REMITTANCE,OUTWARD TT - KHMER HEALTH SUPPLIES PHNOM PENH,D,SG,KH,12000.00,2025-11-15T14:00:00.000+08:00,TXN,SFG-TXN-20251115-010,SGD,SGD
10084,,402,,,,,,SUNRISE WELLNESS PTE LTD,"52 Toa Payoh Lorong 1, Singapore",SG,1.3341,103.8498,2025-12-15T14:00:00.000+08:00,12000.00,OUTWARD REMITTANCE,OUTWARD TT - KHMER HEALTH SUPPLIES PHNOM PENH,D,SG,KH,12000.00,2025-12-15T14:00:00.000+08:00,TXN,SFG-TXN-20251215-010,SGD,SGD
10085,,402,,,,,,SUNRISE WELLNESS PTE LTD,"52 Toa Payoh Lorong 1, Singapore",SG,1.3341,103.8498,2026-01-15T14:00:00.000+08:00,12000.00,OUTWARD REMITTANCE,OUTWARD TT - KHMER HEALTH SUPPLIES PHNOM PENH,D,SG,KH,12000.00,2026-01-15T14:00:00.000+08:00,TXN,SFG-TXN-20260115-010,SGD,SGD
10086,,402,,,,,,SUNRISE WELLNESS PTE LTD,"52 Toa Payoh Lorong 1, Singapore",SG,1.3341,103.8498,2026-02-15T14:00:00.000+08:00,12000.00,OUTWARD REMITTANCE,OUTWARD TT - KHMER HEALTH SUPPLIES PHNOM PENH,D,SG,KH,12000.00,2026-02-15T14:00:00.000+08:00,TXN,SFG-TXN-20260215-010,SGD,SGD
10087,501,,VIKTOR LAZAREV,SG,"1 Cuscaden Road, Singapore",1.3048,103.8318,VOLGA INDUSTRIAL HOLDINGS SA,"Limassol, Cyprus",CY,34.6823,33.0460,2023-05-14T09:30:00.000+08:00,1250000.00,WIRE TRANSFER,SWIFT INWARD - VOLGA INDUSTRIAL CY,C,SG,CY,1250000.00,2023-05-14T09:30:00.000+08:00,TXN,CCB-TXN-20230514-011,USD,USD
10088,,501,,,,,,VIKTOR LAZAREV,"1 Cuscaden Road, Singapore",SG,1.3048,103.8318,2023-07-22T11:00:00.000+08:00,980000.00,WIRE TRANSFER,SWIFT OUTWARD - PRECISION DYNAMICS FZE DUBAI,D,SG,AE,980000.00,2023-07-22T11:00:00.000+08:00,TXN,CCB-TXN-20230722-011,USD,USD
10089,502,,LAZAREV HOLDINGS PTE LTD,SG,"1 Cuscaden Road, Singapore",1.3048,103.8318,PROMTECHNOLOGIA LLC,"Moscow, Russia",RU,55.7558,37.6173,2023-11-15T10:00:00.000+08:00,1800000.00,WIRE TRANSFER,SWIFT INWARD - PROMTECHNOLOGIA RU,C,SG,RU,1800000.00,2023-11-15T10:00:00.000+08:00,TXN,CCB-TXN-20231115-011,EUR,EUR
10090,,501,,,,,,VIKTOR LAZAREV,"1 Cuscaden Road, Singapore",SG,1.3048,103.8318,2023-11-28T14:00:00.000+08:00,1750000.00,WIRE TRANSFER,SWIFT OUTWARD - TITAN GLOBAL RESOURCES BVI,D,SG,VG,1750000.00,2023-11-28T14:00:00.000+08:00,TXN,CCB-TXN-20231128-011,USD,USD
10091,501,,VIKTOR LAZAREV,SG,"1 Cuscaden Road, Singapore",1.3048,103.8318,CASH DEPOSIT,,SG,1.3048,103.8318,2024-04-03T15:30:00.000+08:00,425000.00,CASH DEPOSIT,CASH DEPOSIT - BRANCH COUNTER,C,SG,SG,425000.00,2024-04-03T15:30:00.000+08:00,TXN,CCB-TXN-20240403-011,USD,USD
10092,501,,VIKTOR LAZAREV,SG,"1 Cuscaden Road, Singapore",1.3048,103.8318,LAZAREV FAMILY TRUST,"Zurich, Switzerland",CH,47.3769,8.5417,2024-06-10T09:00:00.000+08:00,620000.00,WIRE TRANSFER,SWIFT INWARD - LAZAREV FAMILY TRUST ZURICH,C,SG,CH,620000.00,2024-06-10T09:00:00.000+08:00,TXN,CCB-TXN-20240610-011,CHF,CHF
10093,,501,,,,,,VIKTOR LAZAREV,"1 Cuscaden Road, Singapore",SG,1.3048,103.8318,2024-09-18T11:00:00.000+08:00,890000.00,WIRE TRANSFER,SWIFT OUTWARD - HARBOUR VIEW PROPERTIES HK,D,SG,HK,890000.00,2024-09-18T11:00:00.000+08:00,TXN,CCB-TXN-20240918-011,USD,USD
10094,,501,,,,,,VIKTOR LAZAREV,"1 Cuscaden Road, Singapore",SG,1.3048,103.8318,2026-02-25T10:00:00.000+08:00,600000.00,WIRE TRANSFER,SWIFT OUTWARD - PRECISION DYNAMICS FZE DUBAI,D,SG,AE,600000.00,2026-02-25T10:00:00.000+08:00,TXN,CCB-TXN-20260225-011,USD,USD
10095,601,,GOLDEN PHOENIX INTERNATIONAL LTD,SG,"133 New Bridge Road, Singapore",1.2852,103.8449,MYANMAR GEMS ENTERPRISE,"Naypyidaw, Myanmar",MM,19.7633,96.0785,2024-01-08T09:00:00.000+08:00,850000.00,WIRE TRANSFER,SWIFT INWARD - MYANMAR GEMS ENTERPRISE,C,SG,MM,850000.00,2024-01-08T09:00:00.000+08:00,TXN,PTB-TXN-20240108-012,USD,USD
10096,,601,,,,,,GOLDEN PHOENIX INTERNATIONAL LTD,"133 New Bridge Road, Singapore",SG,1.2852,103.8449,2024-01-22T11:00:00.000+08:00,820000.00,WIRE TRANSFER,SWIFT OUTWARD - YUNNAN JADE PROCESSING KUNMING,D,SG,CN,820000.00,2024-01-22T11:00:00.000+08:00,TXN,PTB-TXN-20240122-012,USD,USD
10097,601,,GOLDEN PHOENIX INTERNATIONAL LTD,SG,"133 New Bridge Road, Singapore",1.2852,103.8449,MEHL TRADING DIVISION,"Yangon, Myanmar",MM,16.8661,96.1951,2024-04-15T10:00:00.000+08:00,1200000.00,WIRE TRANSFER,SWIFT INWARD - MEHL TRADING YANGON,C,SG,MM,1200000.00,2024-04-15T10:00:00.000+08:00,TXN,PTB-TXN-20240415-012,USD,USD
10098,,601,,,,,,GOLDEN PHOENIX INTERNATIONAL LTD,"133 New Bridge Road, Singapore",SG,1.2852,103.8449,2024-04-28T14:00:00.000+08:00,1150000.00,WIRE TRANSFER,SWIFT OUTWARD - SIAM PRECIOUS RESOURCES BANGKOK,D,SG,TH,1150000.00,2024-04-28T14:00:00.000+08:00,TXN,PTB-TXN-20240428-012,USD,USD
10099,601,,GOLDEN PHOENIX INTERNATIONAL LTD,SG,"133 New Bridge Road, Singapore",1.2852,103.8449,DRAGON CROWN TRADING LTD,"Hong Kong",HK,22.3193,114.1694,2024-08-10T09:30:00.000+08:00,680000.00,WIRE TRANSFER,SWIFT INWARD - DRAGON CROWN TRADING HK,C,SG,HK,680000.00,2024-08-10T09:30:00.000+08:00,TXN,PTB-TXN-20240810-012,USD,USD
10100,602,,PHOENIX JADE TRADING PTE LTD,SG,"133 New Bridge Road, Singapore",1.2852,103.8449,GOLDEN PHOENIX INTERNATIONAL LTD,"Labuan, Malaysia",MY,5.2831,115.2308,2024-08-22T10:00:00.000+08:00,650000.00,INTERNAL TRANSFER,INTERNAL TRANSFER - PARENT TO SUBSIDIARY,C,SG,MY,650000.00,2024-08-22T10:00:00.000+08:00,TXN,PTB-TXN-20240822-012,SGD,SGD
10101,,601,,,,,,GOLDEN PHOENIX INTERNATIONAL LTD,"133 New Bridge Road, Singapore",SG,1.2852,103.8449,2024-11-05T11:00:00.000+08:00,950000.00,WIRE TRANSFER,SWIFT OUTWARD - MANDALAY TIMBER EXPORT CORP,D,SG,MM,950000.00,2024-11-05T11:00:00.000+08:00,TXN,PTB-TXN-20241105-012,USD,USD
10102,,601,,,,,,GOLDEN PHOENIX INTERNATIONAL LTD,"133 New Bridge Road, Singapore",SG,1.2852,103.8449,2026-02-20T10:00:00.000+08:00,400000.00,WIRE TRANSFER,SWIFT OUTWARD - YUNNAN JADE PROCESSING KUNMING,D,SG,CN,400000.00,2026-02-20T10:00:00.000+08:00,TXN,PTB-TXN-20260220-012,USD,USD
